"link_id","status","tld_name","first_archived_date","closest_archived_date","fay","cay"
2,"200","pl","1997-06-24","1997-06-24","1997","1997"
3,"200","pl","1996-12-22","1996-12-22","1996","1996"
3,"200","pl","1996-12-22","1996-12-22","1996","1996"
4,"404","pl","1999-04-29","1999-04-29","1999","1999"
6,"403","pl","1997-07-20","1997-07-20","1997","1997"
6,"403","pl","1997-07-20","1997-07-20","1997","1997"
7,"CurlEr","pl","1997-02-25","1997-02-25","1997","1997"
8,"CurlEr","com","1998-12-02","1998-12-02","1998","1998"
9,"CurlEr","pl","1998-12-05","1998-12-05","1998","1998"
10,"404","com","1999-01-17","1999-01-17","1999","1999"
12,"CurlEr","se","1999-04-29","1999-04-29","1999","1999"
13,"404","uk","1997-04-18","1997-04-18","1997","1997"
13,"404","uk","1997-04-18","1997-04-18","1997","1997"
14,"CurlEr","pl","1998-12-05","1998-12-05","1998","1998"
15,"CurlEr","pl","2009-05-17","2009-05-17","2009","2009"
18,"200","net","2002-03-06","2002-03-06","2002","2002"
21,"404","pl","1997-05-08","1997-05-08","1997","1997"
21,"404","pl","1997-05-08","1997-05-08","1997","1997"
22,"200","pl","1997-01-26","1997-01-26","1997","1997"
23,"200","pl","1997-02-17","1997-02-17","1997","1997"
24,"404","pl","1997-06-24","1997-06-24","1997","1997"
25,"404","pl","1999-04-20","1999-04-20","1999","1999"
26,"200","com","1997-02-08","1997-02-08","1997","1997"
26,"200","com","1997-02-08","1997-02-08","1997","1997"
27,"404","com","1997-06-28","1997-06-28","1997","1997"
27,"404","com","1997-06-28","1997-06-28","1997","1997"
28,"200","com","1997-03-10","1997-03-10","1997","1997"
29,"404","com","1998-12-03","1998-12-03","1998","1998"
29,"404","com","1998-12-03","1998-12-03","1998","1998"
30,"404","net","2005-11-23","2005-11-23","2005","2005"
30,"404","net","2005-11-23","2005-11-23","2005","2005"
31,"404","net","1996-12-14","1996-12-14","1996","1996"
32,"403","uk","1996-12-22","1996-12-22","1996","1996"
34,"404","pl","1999-04-24","1999-04-24","1999","1999"
37,"404","pl","1999-04-24","1999-04-24","1999","1999"
38,"404","edu","1996-12-24","1996-12-24","1996","1996"
39,"200","com","1997-02-08","1997-02-08","1997","1997"
39,"200","com","1997-02-08","1997-02-08","1997","1997"
40,"CurlEr","pl","1996-10-13","1996-10-13","1996","1996"
41,"404","pl","1997-06-08","1997-06-08","1997","1997"
42,"CurlEr","pl","1997-01-14","1997-01-14","1997","1997"
43,"200","com","2000-08-18","2000-08-18","2000","2000"
44,"404","pl","1999-02-09","1999-02-09","1999","1999"
44,"404","pl","1999-02-09","1999-02-09","1999","1999"
45,"404","pl","1997-03-05","1997-03-05","1997","1997"
46,"CurlEr","se","1999-04-21","1999-04-21","1999","1999"
47,"403","net","1996-12-30","1996-12-30","1996","1996"
48,"404","edu","1999-04-23","1999-04-23","1999","1999"
49,"404","edu","2001-06-02","2001-06-02","2001","2001"
50,"404","edu","2001-06-03","2001-06-03","2001","2001"
51,"CurlEr","pl","1999-04-27","1999-04-27","1999","1999"
54,"200","pl","1999-04-22","1999-04-22","1999","1999"
55,"404","pl","1998-12-06","1998-12-06","1998","1998"
56,"404","com","1999-01-17","1999-01-17","1999","1999"
57,"CurlEr","com","1996-12-29","1996-12-29","1996","1996"
58,"CurlEr","pl","1996-11-30","1996-11-30","1996","1996"
59,"404","pl","2000-04-22","2000-04-22","2000","2000"
60,"404","pl","1997-02-25","1997-02-25","1997","1997"
60,"404","pl","1997-02-25","1997-02-25","1997","1997"
61,"200","pl","1999-04-30","1999-04-30","1999","1999"
62,"200","pl","1997-10-11","1997-10-11","1997","1997"
62,"200","pl","1997-10-11","1997-10-11","1997","1997"
63,"404","pl","1997-08-12","1997-08-12","1997","1997"
64,"200","pl","2013-06-28","2013-06-28","2013","2013"
65,"200","hu","1998-12-05","1998-12-05","1998","1998"
66,"CurlEr","ca","1999-04-21","1999-04-21","1999","1999"
67,"404","com","1997-03-10","1997-03-10","1997","1997"
68,"CurlEr","au","1999-01-17","1999-01-17","1999","1999"
69,"404","org","2000-10-29","2000-10-29","2000","2000"
69,"404","org","2000-10-29","2000-10-29","2000","2000"
70,"404","com","1996-11-06","1996-11-06","1996","1996"
70,"404","com","1996-11-06","1996-11-06","1996","1996"
71,"404","uk","1999-09-21","1999-09-21","1999","1999"
72,"404","net","2005-11-23","2005-11-23","2005","2005"
73,"404","net","2005-12-26","2005-12-26","2005","2005"
73,"404","net","2005-12-26","2005-12-26","2005","2005"
75,"200","de","1999-02-19","1999-02-19","1999","1999"
77,"200","com","1997-01-09","1997-01-09","1997","1997"
79,"CurlEr","au","1998-12-02","1998-12-02","1998","1998"
80,"404","pl","1997-07-15","1997-07-15","1997","1997"
81,"CurlEr","pl","1997-01-25","1997-01-25","1997","1997"
82,"CurlEr","au","1997-05-13","1997-05-13","1997","1997"
83,"404","au","2013-02-18","2013-02-18","2013","2013"
84,"404","au","1999-01-17","1999-01-17","1999","1999"
85,"404","gr","1997-01-02","1997-01-02","1997","1997"
86,"200","de","1999-02-19","1999-02-19","1999","1999"
87,"CurlEr","de","1999-04-24","1999-04-24","1999","1999"
88,"404","com","1997-06-17","1997-06-17","1997","1997"
88,"404","com","1997-06-17","1997-06-17","1997","1997"
89,"404","com","1996-11-06","1996-11-06","1996","1996"
89,"404","com","1996-11-06","1996-11-06","1996","1996"
90,"200","com","1996-11-06","1996-12-31","1996","1996"
90,"200","com","1996-11-06","1996-12-31","1996","1996"
91,"404","com","1997-03-10","1997-03-10","1997","1997"
92,"404","edu","1997-10-18","1997-10-18","1997","1997"
94,"404","net","2005-12-26","2005-12-26","2005","2005"
94,"404","net","2005-12-26","2005-12-26","2005","2005"
96,"200","org","1996-12-19","1996-12-19","1996","1996"
96,"200","org","1996-12-19","1996-12-19","1996","1996"
97,"404","uk","1997-04-22","1997-04-22","1997","1997"
97,"404","uk","1997-04-22","1997-04-22","1997","1997"
98,"CurlEr","pl","1998-12-05","1998-12-05","1998","1998"
100,"404","pl","1999-04-27","1999-04-27","1999","1999"
101,"CurlEr","pl","1998-12-02","1998-12-02","1998","1998"
103,"404","net","1999-02-25","1999-02-25","1999","1999"
104,"CurlEr","pl","1999-04-28","1999-04-28","1999","1999"
105,"CurlEr","net","1999-04-24","1999-04-24","1999","1999"
106,"404","org","1999-01-16","1999-01-16","1999","1999"
109,"403","com","1998-12-07","1998-12-07","1998","1998"
109,"403","com","1998-12-07","1998-12-07","1998","1998"
110,"404","net","2000-04-14","2000-04-14","2000","2000"
111,"404","com","1998-12-03","1998-12-03","1998","1998"
112,"404","pl","1997-04-06","1997-04-06","1997","1997"
112,"404","pl","1997-04-06","1997-04-06","1997","1997"
113,"CurlEr","com","1997-06-06","1997-06-06","1997","1997"
115,"CurlEr","pl","1999-02-20","1999-02-20","1999","1999"
116,"CurlEr","com","1998-12-03","1998-12-03","1998","1998"
117,"CurlEr","edu","1997-04-13","1997-04-13","1997","1997"
118,"CurlEr","net","1998-12-02","1998-12-02","1998","1998"
119,"404","edu","1996-12-21","1996-12-21","1996","1996"
120,"CurlEr","com","1998-12-05","1998-12-05","1998","1998"
122,"404","net","1999-04-29","1999-04-29","1999","1999"
123,"404","net","1996-12-20","1996-12-20","1996","1996"
127,"404","edu","1998-12-03","1998-12-03","1998","1998"
127,"404","edu","1998-12-03","1998-12-03","1998","1998"
129,"404","pl","1997-07-06","1997-07-06","1997","1997"
131,"CurlEr","se","1999-05-06","1999-05-06","1999","1999"
132,"404","de","1999-01-17","1999-01-17","1999","1999"
133,"404","edu","1999-02-03","1999-02-03","1999","1999"
134,"CurlEr","pl","2000-04-22","2000-04-22","2000","2000"
136,"403","pl","1998-12-05","1998-12-05","1998","1998"
137,"404","org","1997-05-08","1997-05-08","1997","1997"
138,"404","edu","1999-01-17","1999-01-17","1999","1999"
140,"200","edu","1999-04-29","1999-04-29","1999","1999"
141,"404","edu","1998-12-07","1998-12-07","1998","1998"
142,"404","com","1997-06-25","1997-06-25","1997","1997"
144,"404","net","2006-01-09","2006-01-09","2006","2006"
144,"404","net","2006-01-09","2006-01-09","2006","2006"
146,"CurlEr","pl","1998-01-09","1998-01-09","1998","1998"
147,"200","com","2000-01-16","2000-01-16","2000","2000"
148,"404","net","2006-01-09","2006-01-09","2006","2006"
148,"404","net","2006-01-09","2006-01-09","2006","2006"
150,"200","edu","1998-12-05","1998-12-05","1998","1998"
152,"200","com","1996-12-26","1996-12-26","1996","1996"
153,"CurlEr","pl","1996-11-07","1996-11-07","1996","1996"
156,"404","au","1997-06-27","1997-06-27","1997","1997"
158,"CurlEr","com","2000-01-16","2000-01-16","2000","2000"
159,"404","com","1999-01-17","1999-01-17","1999","1999"
161,"200","pl","1999-04-21","1999-04-21","1999","1999"
163,"CurlEr","edu","1997-07-03","1997-07-03","1997","1997"
167,"CurlEr","pl","1999-04-27","1999-04-27","1999","1999"
169,"CurlEr","edu","1999-04-27","1999-04-27","1999","1999"
170,"CurlEr","pl","1997-03-20","1997-03-20","1997","1997"
171,"CurlEr","com","1999-04-27","1999-04-27","1999","1999"
175,"CurlEr","net","1999-01-29","1999-01-29","1999","1999"
176,"404","net","2006-01-09","2006-01-09","2006","2006"
176,"404","net","2006-01-09","2006-01-09","2006","2006"
178,"404","pl","1999-04-21","1999-04-21","1999","1999"
179,"404","pl","1999-04-21","1999-04-21","1999","1999"
181,"CurlEr","pl","1999-02-20","1999-02-20","1999","1999"
182,"404","pl","1999-04-27","1999-04-27","1999","1999"
183,"404","pl","1999-04-27","1999-04-27","1999","1999"
184,"CurlEr","pl","1998-01-14","1998-01-14","1998","1998"
185,"CurlEr","pl","1997-12-11","1997-12-11","1997","1997"
186,"404","pl","1999-04-23","1999-04-23","1999","1999"
187,"CurlEr","pl","1998-01-14","1998-01-14","1998","1998"
188,"CurlEr","pl","1997-04-08","1997-04-08","1997","1997"
189,"CurlEr","pl","1997-07-08","1997-07-08","1997","1997"
190,"404","com","1996-12-31","1996-12-31","1996","1996"
190,"404","com","1996-12-31","1996-12-31","1996","1996"
191,"200","com","1997-02-08","1997-02-08","1997","1997"
191,"200","com","1997-02-08","1997-02-08","1997","1997"
192,"404","pl","1998-12-05","1998-12-05","1998","1998"
193,"404","pl","1998-12-01","1998-12-01","1998","1998"
193,"404","pl","1998-12-01","1998-12-01","1998","1998"
194,"404","net","1999-04-24","1999-04-24","1999","1999"
195,"404","net","2008-09-02","2008-09-02","2008","2008"
196,"404","edu","1998-12-06","1998-12-06","1998","1998"
197,"404","com","1997-02-08","1997-02-08","1997","1997"
197,"404","com","1997-02-08","1997-02-08","1997","1997"
198,"404","net","1999-01-17","1999-01-17","1999","1999"
199,"404","com","1998-12-05","1998-12-05","1998","1998"
200,"200","com","1999-02-24","1999-02-24","1999","1999"
201,"404","uk","1997-04-18","1997-04-18","1997","1997"
203,"404","org","1996-12-26","1996-12-26","1996","1996"
203,"404","org","1996-12-26","1996-12-26","1996","1996"
204,"200","com","1997-02-08","1997-02-08","1997","1997"
204,"200","com","1997-02-08","1997-02-08","1997","1997"
205,"CurlEr","com","1999-04-17","1999-04-17","1999","1999"
206,"404","org","1997-02-14","1997-02-14","1997","1997"
206,"404","org","1997-02-14","1997-02-14","1997","1997"
207,"200","pl","1997-12-10","1997-12-10","1997","1997"
207,"200","pl","1997-12-10","1997-12-10","1997","1997"
209,"404","pl","1999-04-22","1999-04-22","1999","1999"
210,"404","pl","1998-12-06","1998-12-06","1998","1998"
210,"404","pl","1998-12-06","1998-12-06","1998","1998"
211,"404","pl","1999-04-21","1999-04-21","1999","1999"
212,"404","com","1999-04-23","1999-04-23","1999","1999"
213,"200","net","2001-06-06","2001-06-06","2001","2001"
214,"CurlEr","uk","1999-04-19","1999-04-19","1999","1999"
216,"404","pl","1997-07-25","1997-07-25","1997","1997"
217,"404","pl","1997-12-11","1997-12-11","1997","1997"
218,"404","pl","1999-04-28","1999-04-28","1999","1999"
219,"CurlEr","pl","1997-04-06","1997-04-06","1997","1997"
220,"404","pl","1998-12-07","1998-12-07","1998","1998"
220,"404","pl","1998-12-07","1998-12-07","1998","1998"
221,"403","com","1998-12-05","1998-12-05","1998","1998"
221,"403","com","1998-12-05","1998-12-05","1998","1998"
222,"403","com","1998-12-05","1998-12-05","1998","1998"
222,"403","com","1998-12-05","1998-12-05","1998","1998"
223,"404","net","1997-02-11","1997-02-11","1997","1997"
224,"CurlEr","pl","2009-02-22","2009-02-22","2009","2009"
225,"CurlEr","pl","1999-01-17","1999-01-17","1999","1999"
226,"200","pl","1997-01-27","1997-01-27","1997","1997"
228,"404","net","1999-04-24","1999-04-24","1999","1999"
229,"404","pl","1999-01-17","1999-01-17","1999","1999"
230,"200","pl","2000-05-19","2000-05-19","2000","2000"
232,"404","pl","1999-04-27","1999-04-27","1999","1999"
233,"CurlEr","pl","1997-08-10","1997-08-10","1997","1997"
234,"404","au","1997-04-30","1997-04-30","1997","1997"
234,"404","au","1997-04-30","1997-04-30","1997","1997"
235,"404","au","1999-01-17","1999-01-17","1999","1999"
236,"CurlEr","pl","1996-12-04","1996-12-04","1996","1996"
237,"200","pl","1997-01-15","1997-01-15","1997","1997"
237,"200","pl","1997-01-15","1997-01-15","1997","1997"
238,"200","pl","1997-10-15","1997-10-15","1997","1997"
240,"200","pl","1997-07-19","1997-07-19","1997","1997"
240,"200","pl","1997-07-19","1997-07-19","1997","1997"
241,"404","pl","1998-12-06","1998-12-06","1998","1998"
241,"404","pl","1998-12-06","1998-12-06","1998","1998"
242,"CurlEr","pl","1998-12-12","1998-12-12","1998","1998"
243,"404","pl","2000-01-16","2000-01-16","2000","2000"
244,"200","pl","1998-01-31","1998-01-31","1998","1998"
244,"200","pl","1998-01-31","1998-01-31","1998","1998"
247,"CurlEr","net","1999-04-29","1999-04-29","1999","1999"
249,"404","pl","1999-04-28","1999-04-28","1999","1999"
250,"404","pl","1999-09-11","1999-09-11","1999","1999"
251,"404","pl","2013-06-16","2013-06-16","2013","2013"
252,"200","pl","1999-04-22","1999-04-22","1999","1999"
253,"404","pl","1997-05-04","1997-05-04","1997","1997"
254,"CurlEr","pl","1998-12-05","1998-12-05","1998","1998"
255,"404","pl","1998-12-06","1998-12-06","1998","1998"
256,"200","pl","1997-10-11","1997-10-11","1997","1997"
256,"200","pl","1997-10-11","1997-10-11","1997","1997"
257,"404","pl","1997-02-25","1997-02-25","1997","1997"
257,"404","pl","1997-02-25","1997-02-25","1997","1997"
258,"403","net","1998-05-25","1998-05-25","1998","1998"
258,"403","net","1998-05-25","1998-05-25","1998","1998"
259,"200","pl","1997-08-02","1997-08-02","1997","1997"
259,"200","pl","1997-08-02","1997-08-02","1997","1997"
260,"404","com","1999-01-17","1999-01-17","1999","1999"
261,"CurlEr","pl","1997-02-22","1997-02-22","1997","1997"
262,"404","pl","1999-01-16","1999-01-16","1999","1999"
264,"404","pl","1997-05-03","1997-05-03","1997","1997"
265,"404","net","1998-12-05","1998-12-05","1998","1998"
265,"404","net","1998-12-05","1998-12-05","1998","1998"
266,"404","com","1999-04-23","1999-04-23","1999","1999"
267,"200","pl","1996-12-23","1996-12-23","1996","1996"
268,"404","com","1999-01-17","1999-01-17","1999","1999"
268,"404","com","1999-01-17","1999-01-17","1999","1999"
269,"404","sg","1998-12-03","1998-12-03","1998","1998"
270,"404","com","1999-01-28","1999-01-28","1999","1999"
271,"404","pl","1996-10-19","1997-02-25","1996","1997"
272,"404","fr","1997-06-17","1997-06-17","1997","1997"
272,"404","fr","1997-06-17","1997-06-17","1997","1997"
273,"404","net","1997-02-08","1997-02-08","1997","1997"
273,"404","net","1997-02-08","1997-02-08","1997","1997"
274,"404","pl","1997-08-12","1997-08-12","1997","1997"
275,"404","pl","1997-07-07","1997-07-07","1997","1997"
275,"404","pl","1997-07-07","1997-07-07","1997","1997"
276,"CurlEr","pl","1999-04-27","1999-04-27","1999","1999"
277,"CurlEr","pl","1999-01-17","1999-01-17","1999","1999"
278,"200","com","1996-11-30","1996-11-30","1996","1996"
278,"200","com","1996-11-30","1996-11-30","1996","1996"
279,"200","de","1997-02-15","1997-02-15","1997","1997"
279,"200","de","1997-02-15","1997-02-15","1997","1997"
281,"CurlEr","pl","1998-12-06","1998-12-06","1998","1998"
282,"CurlEr","ca","1999-04-27","1999-04-27","1999","1999"
284,"403","pl","1996-12-29","1996-12-29","1996","1996"
285,"200","pl","2000-05-29","2000-05-29","2000","2000"
286,"404","pl","1997-10-11","1997-10-11","1997","1997"
286,"404","pl","1997-10-11","1997-10-11","1997","1997"
287,"404","pl","1998-01-24","1998-01-24","1998","1998"
288,"404","pl","1998-01-24","1998-01-24","1998","1998"
289,"404","pl","1998-12-01","1998-12-01","1998","1998"
290,"CurlEr","pl","1997-06-08","1997-06-08","1997","1997"
292,"CurlEr","edu","1998-12-06","1998-12-06","1998","1998"
293,"CurlEr","pl","1999-04-17","1999-04-17","1999","1999"
295,"CurlEr","pl","1997-02-12","1997-02-12","1997","1997"
296,"CurlEr","pl","1998-01-13","1998-01-13","1998","1998"
298,"CurlEr","com","1999-04-21","1999-04-21","1999","1999"
299,"CurlEr","pl","1999-04-23","1999-04-23","1999","1999"
300,"CurlEr","pl","1997-07-01","1997-07-01","1997","1997"
301,"404","pl","1998-07-08","1998-07-08","1998","1998"
302,"404","com","1996-12-04","1997-01-08","1996","1997"
303,"CurlEr","com","1999-08-21","1999-08-21","1999","1999"
304,"CurlEr","net","2000-05-24","2000-05-24","2000","2000"
305,"CurlEr","pl","1999-04-21","1999-04-21","1999","1999"
306,"CurlEr","pl","1997-08-08","1997-08-08","1997","1997"
307,"CurlEr","pl","1998-12-07","1998-12-07","1998","1998"
308,"200","pl","1997-05-28","1997-05-28","1997","1997"
309,"404","net","1997-05-18","1997-05-18","1997","1997"
309,"404","net","1997-05-18","1997-05-18","1997","1997"
310,"200","pl","1998-05-29","1998-05-29","1998","1998"
310,"200","pl","1998-05-29","1998-05-29","1998","1998"
311,"200","pl","2002-05-18","2002-05-18","2002","2002"
314,"404","net","1997-07-07","1997-07-07","1997","1997"
315,"404","net","1997-02-11","1997-02-11","1997","1997"
317,"CurlEr","pl","1997-01-14","1997-01-14","1997","1997"
319,"404","pl","2003-07-16","2003-07-16","2003","2003"
320,"200","com","1997-02-08","1997-02-08","1997","1997"
320,"200","com","1997-02-08","1997-02-08","1997","1997"
321,"404","pl","2002-08-04","2002-08-04","2002","2002"
322,"404","pl","1999-04-23","1999-04-23","1999","1999"
323,"404","pl","1999-04-27","1999-04-27","1999","1999"
326,"404","pl","1998-02-09","1998-02-09","1998","1998"
327,"404","pl","1999-04-30","1999-04-30","1999","1999"
328,"404","pl","1999-04-27","1999-04-27","1999","1999"
329,"200","pl","1997-01-19","1997-01-19","1997","1997"
330,"200","pl","1997-01-19","1997-01-19","1997","1997"
331,"CurlEr","pl","2001-04-13","2001-04-13","2001","2001"
332,"CurlEr","pl","1999-04-28","1999-04-28","1999","1999"
334,"200","cz","1996-10-13","1996-10-13","1996","1996"
335,"200","cz","1999-04-18","1999-04-18","1999","1999"
336,"CurlEr","gov","1997-04-17","1997-04-17","1997","1997"
337,"404","com","2000-04-17","2000-04-17","2000","2000"
338,"200","com","2004-10-22","2004-10-22","2004","2004"
339,"404","pl","1999-04-21","1999-04-21","1999","1999"
340,"404","pl","1999-04-22","1999-04-22","1999","1999"
344,"404","com","1998-12-03","1998-12-03","1998","1998"
345,"404","pl","1998-12-06","1998-12-06","1998","1998"
347,"404","com","1998-01-14","1998-01-14","1998","1998"
347,"404","com","1998-01-14","1998-01-14","1998","1998"
348,"404","net","2005-12-22","2005-12-22","2005","2005"
349,"404","net","2005-12-26","2005-12-26","2005","2005"
350,"200","com","1999-04-29","1999-04-29","1999","1999"
351,"404","com","1998-12-02","1998-12-02","1998","1998"
351,"404","com","1998-12-02","1998-12-02","1998","1998"
353,"404","com","1998-01-14","1998-01-14","1998","1998"
353,"404","com","1998-01-14","1998-01-14","1998","1998"
354,"200","com","1997-01-09","1997-01-09","1997","1997"
355,"404","net","2005-11-23","2005-11-23","2005","2005"
356,"200","org","1997-12-24","1997-12-24","1997","1997"
356,"200","org","1997-12-24","1997-12-24","1997","1997"
357,"404","net","2005-11-23","2005-11-23","2005","2005"
358,"CurlEr","net","1999-01-17","1999-01-17","1999","1999"
359,"403","pl","1998-12-07","1998-12-07","1998","1998"
361,"CurlEr","pl","1997-03-12","1997-03-12","1997","1997"
362,"403","pl","1998-12-03","1998-12-03","1998","1998"
362,"403","pl","1998-12-03","1998-12-03","1998","1998"
363,"404","pl","1999-04-18","1999-04-18","1999","1999"
365,"200","com","1997-01-09","1997-01-09","1997","1997"
366,"404","au","1997-04-30","1997-04-30","1997","1997"
366,"404","au","1997-04-30","1997-04-30","1997","1997"
367,"200","pl","1997-01-10","1997-01-10","1997","1997"
367,"200","pl","1997-01-10","1997-01-10","1997","1997"
368,"CurlEr","pl","1996-12-02","1996-12-02","1996","1996"
369,"404","pl","1998-12-06","1998-12-06","1998","1998"
370,"CurlEr","pl","1996-12-21","1996-12-21","1996","1996"
371,"404","pl","2002-10-09","2002-10-09","2002","2002"
372,"200","pl","1997-06-08","1997-06-08","1997","1997"
372,"200","pl","1997-06-08","1997-06-08","1997","1997"
373,"403","pl","1997-12-10","1997-12-10","1997","1997"
373,"403","pl","1997-12-10","1997-12-10","1997","1997"
374,"CurlEr","pl","1998-12-12","1998-12-12","1998","1998"
375,"404","com","1997-03-10","1997-03-10","1997","1997"
376,"404","uk","1997-04-18","1997-04-18","1997","1997"
376,"404","uk","1997-04-18","1997-04-18","1997","1997"
379,"CurlEr","pl","1997-02-06","1997-02-06","1997","1997"
380,"404","com","1999-08-20","1999-08-20","1999","1999"
381,"404","com","1999-08-27","1999-08-27","1999","1999"
382,"200","com","1996-12-27","1996-12-27","1996","1996"
383,"404","com","1996-11-06","1996-11-06","1996","1996"
383,"404","com","1996-11-06","1996-11-06","1996","1996"
384,"CurlEr","pl","1997-06-25","1997-06-25","1997","1997"
385,"404","org","1997-03-30","1997-03-30","1997","1997"
386,"CurlEr","at","1997-02-06","1997-02-06","1997","1997"
387,"404","hu","2000-03-06","2000-03-06","2000","2000"
388,"404","org","1996-11-06","1996-11-06","1996","1996"
388,"404","org","1996-11-06","1996-11-06","1996","1996"
389,"404","pl","1999-01-17","1999-01-17","1999","1999"
390,"404","pl","1998-12-06","1998-12-06","1998","1998"
392,"200","pl","1999-02-03","1999-02-03","1999","1999"
393,"404","pl","1999-01-17","1999-01-17","1999","1999"
393,"404","pl","1999-01-17","1999-01-17","1999","1999"
394,"404","uk","1997-04-18","1997-04-18","1997","1997"
394,"404","uk","1997-04-18","1997-04-18","1997","1997"
395,"CurlEr","uk","1999-02-19","1999-02-19","1999","1999"
397,"404","pl","1997-08-12","1997-08-12","1997","1997"
398,"200","pl","1997-04-06","1997-04-06","1997","1997"
398,"200","pl","1997-04-06","1997-04-06","1997","1997"
399,"404","uk","1997-04-04","1997-04-04","1997","1997"
402,"404","net","1996-12-27","1996-12-30","1996","1996"
405,"200","net","1996-12-14","1996-12-21","1996","1996"
406,"200","net","1999-04-17","1999-04-17","1999","1999"
408,"CurlEr","pl","1999-01-17","1999-01-17","1999","1999"
409,"404","au","1997-04-30","1997-04-30","1997","1997"
409,"404","au","1997-04-30","1997-04-30","1997","1997"
411,"403","de","1996-12-21","1996-12-21","1996","1996"
413,"200","com","1996-12-20","1996-12-20","1996","1996"
413,"200","com","1996-12-20","1996-12-20","1996","1996"
414,"404","it","1998-12-03","1998-12-03","1998","1998"
416,"404","us","1997-05-18","1997-05-18","1997","1997"
417,"200","pl","1997-01-24","1997-01-24","1997","1997"
417,"200","pl","1997-01-24","1997-01-24","1997","1997"
418,"200","pl","1997-01-24","1997-01-24","1997","1997"
418,"200","pl","1997-01-24","1997-01-24","1997","1997"
419,"200","pl","1997-07-16","1997-07-16","1997","1997"
420,"404","com","1999-04-17","1999-04-17","1999","1999"
422,"CurlEr","pl","1999-04-29","1999-04-29","1999","1999"
423,"200","pl","1997-10-09","1997-10-09","1997","1997"
424,"CurlEr","at","1996-10-30","1997-01-06","1996","1997"
425,"CurlEr","nl","1996-11-21","1996-11-21","1996","1996"
426,"404","edu","1998-12-02","1998-12-02","1998","1998"
427,"404","pl","1997-01-29","1997-01-29","1997","1997"
427,"404","pl","1997-01-29","1997-01-29","1997","1997"
428,"404","edu","1998-12-06","1998-12-06","1998","1998"
429,"CurlEr","pl","1997-07-13","1997-07-13","1997","1997"
430,"CurlEr","pl","1997-01-14","1997-01-14","1997","1997"
431,"404","de","2001-04-29","2001-04-29","2001","2001"
433,"404","com","1998-12-02","1998-12-02","1998","1998"
433,"404","com","1998-12-02","1998-12-02","1998","1998"
434,"404","com","1998-12-03","1998-12-03","1998","1998"
435,"404","de","1999-04-30","1999-04-30","1999","1999"
436,"404","pl","1998-12-06","1998-12-06","1998","1998"
436,"404","pl","1998-12-06","1998-12-06","1998","1998"
439,"200","pl","2001-07-27","2001-07-27","2001","2001"
440,"404","pl","1999-04-28","1999-04-28","1999","1999"
440,"404","pl","1999-04-28","1999-04-28","1999","1999"
441,"404","pl","1998-12-02","1998-12-02","1998","1998"
442,"CurlEr","pl","1996-10-13","1996-10-13","1996","1996"
443,"200","pl","1999-04-24","1999-04-24","1999","1999"
445,"CurlEr","pl","2000-05-20","2000-05-20","2000","2000"
446,"406","com","1996-12-21","1996-12-21","1996","1996"
447,"200","pl","1997-06-07","1997-06-07","1997","1997"
451,"404","edu","1997-04-28","1997-04-28","1997","1997"
451,"404","edu","1997-04-28","1997-04-28","1997","1997"
452,"404","pl","1997-07-08","1997-07-08","1997","1997"
452,"404","pl","1997-07-08","1997-07-08","1997","1997"
453,"CurlEr","pl","1998-12-02","1998-12-02","1998","1998"
455,"CurlEr","pl","2000-01-19","2000-01-19","2000","2000"
456,"404","pl","1998-01-24","1998-01-24","1998","1998"
457,"404","pl","1997-06-17","1997-06-17","1997","1997"
458,"404","pl","2001-05-08","2001-05-08","2001","2001"
459,"404","pl","1998-01-24","1998-01-24","1998","1998"
460,"404","pl","1998-01-24","1998-01-24","1998","1998"
461,"CurlEr","pl","1999-01-17","1999-01-17","1999","1999"
463,"404","pl","1999-02-04","1999-02-04","1999","1999"
465,"CurlEr","net","2000-11-21","2000-11-21","2000","2000"
466,"CurlEr","ca","1999-04-21","1999-04-21","1999","1999"
468,"CurlEr","kr","1996-12-02","1996-12-02","1996","1996"
469,"CurlEr","ca","1999-04-21","1999-04-21","1999","1999"
471,"CurlEr","net","1998-12-06","1998-12-06","1998","1998"
472,"CurlEr","pl","1999-04-27","1999-04-27","1999","1999"
473,"CurlEr","pl","1997-08-05","1997-08-05","1997","1997"
474,"200","net","1999-04-23","1999-04-23","1999","1999"
475,"200","pl","1999-04-30","1999-04-30","1999","1999"
476,"200","pl","1998-05-29","1998-05-29","1998","1998"
476,"200","pl","1998-05-29","1998-05-29","1998","1998"
477,"403","org","1996-10-28","1996-10-28","1996","1996"
477,"403","org","1996-10-28","1996-10-28","1996","1996"
478,"404","pl","1999-01-17","1999-01-17","1999","1999"
479,"404","pl","1999-04-28","1999-04-28","1999","1999"
480,"CurlEr","pl","1999-04-22","1999-04-22","1999","1999"
481,"CurlEr","pl","1997-02-18","1997-02-18","1997","1997"
482,"CurlEr","pl","1999-04-22","1999-04-22","1999","1999"
483,"200","pl","1997-10-09","1997-10-09","1997","1997"
483,"200","pl","1997-10-09","1997-10-09","1997","1997"
484,"200","pl","1997-03-01","1997-03-01","1997","1997"
485,"CurlEr","pl","1996-11-18","1996-11-18","1996","1996"
486,"CurlEr","pl","1998-12-06","1998-12-06","1998","1998"
487,"CurlEr","pl","1999-01-17","1999-01-17","1999","1999"
489,"404","pl","1999-01-17","1999-01-17","1999","1999"
490,"404","pl","1999-04-29","1999-04-29","1999","1999"
491,"404","pl","1997-08-10","1997-08-10","1997","1997"
492,"CurlEr","pl","1997-08-10","1997-08-10","1997","1997"
493,"200","pl","1996-12-21","1996-12-21","1996","1996"
494,"200","pl","1998-12-12","1998-12-12","1998","1998"
495,"200","pl","1997-01-05","1997-01-05","1997","1997"
495,"200","pl","1997-01-05","1997-01-05","1997","1997"
495,"200","pl","1997-01-05","1997-01-05","1997","1997"
497,"404","pl","1997-01-10","1997-01-10","1997","1997"
498,"CurlEr","net","2000-05-11","2000-05-11","2000","2000"
499,"200","pl","1997-01-21","1997-01-21","1997","1997"
499,"200","pl","1997-01-21","1997-01-21","1997","1997"
502,"200","pl","1997-01-30","1997-01-30","1997","1997"
503,"404","pl","1998-12-02","1998-12-02","1998","1998"
504,"CurlEr","pl","2000-01-15","2000-01-15","2000","2000"
505,"CurlEr","pl","1998-12-05","1998-12-05","1998","1998"
506,"CurlEr","com","1998-12-03","1998-12-03","1998","1998"
507,"200","com","1997-04-15","1997-04-15","1997","1997"
507,"200","com","1997-04-15","1997-04-15","1997","1997"
508,"200","com","1996-12-20","1996-12-20","1996","1996"
508,"200","com","1996-12-20","1996-12-20","1996","1996"
509,"404","com","1996-10-30","1997-02-14","1996","1997"
509,"404","com","1996-10-30","1997-02-14","1996","1997"
511,"404","pl","1997-01-19","1997-01-19","1997","1997"
511,"404","pl","1997-01-19","1997-01-19","1997","1997"
512,"200","pl","1999-05-07","1999-05-07","1999","1999"
513,"CurlEr","pl","2006-02-13","2006-02-13","2006","2006"
515,"200","pl","2000-03-03","2000-03-03","2000","2000"
516,"404","net","1999-04-30","1999-04-30","1999","1999"
517,"404","pl","1997-07-07","1997-07-07","1997","1997"
519,"200","pl","1998-12-06","1998-12-06","1998","1998"
520,"200","com","1997-02-08","1997-02-08","1997","1997"
520,"200","com","1997-02-08","1997-02-08","1997","1997"
521,"404","pl","1998-12-01","1998-12-01","1998","1998"
522,"404","pl","1998-12-02","1998-12-02","1998","1998"
523,"404","pl","1998-12-06","1998-12-06","1998","1998"
524,"404","pl","1997-01-19","1997-01-19","1997","1997"
525,"200","pl","1997-01-19","1997-01-19","1997","1997"
526,"404","pl","1997-01-25","1997-01-25","1997","1997"
526,"404","pl","1997-01-25","1997-01-25","1997","1997"
527,"CurlEr","pl","1998-02-01","1998-02-01","1998","1998"
528,"400","net","1998-12-05","1998-12-05","1998","1998"
529,"503","pl","1997-02-04","1997-02-04","1997","1997"
530,"CurlEr","pl","1996-12-21","1996-12-21","1996","1996"
531,"404","pl","1999-04-28","1999-04-28","1999","1999"
532,"CurlEr","pl","1999-04-22","1999-04-22","1999","1999"
533,"404","pl","1997-07-25","1997-07-25","1997","1997"
534,"CurlEr","pl","1999-01-16","1999-01-16","1999","1999"
536,"CurlEr","pl","1998-12-01","1998-12-01","1998","1998"
537,"CurlEr","pl","1999-04-30","1999-04-30","1999","1999"
538,"200","pl","1996-12-23","1997-01-01","1996","1997"
538,"200","pl","1996-12-23","1997-01-01","1996","1997"
539,"CurlEr","pl","1996-11-09","1996-11-09","1996","1996"
540,"404","net","1999-04-24","1999-04-24","1999","1999"
540,"404","net","1999-04-24","1999-04-24","1999","1999"
541,"200","pl","1996-12-30","1996-12-30","1996","1996"
542,"404","pl","1999-01-17","1999-01-17","1999","1999"
542,"404","pl","1999-01-17","1999-01-17","1999","1999"
543,"CurlEr","pl","1998-12-03","1998-12-03","1998","1998"
544,"CurlEr","pl","1997-02-06","1997-02-06","1997","1997"
545,"404","pl","1999-04-21","1999-04-21","1999","1999"
546,"404","pl","1999-04-21","1999-04-21","1999","1999"
547,"404","pl","1999-04-22","1999-04-22","1999","1999"
548,"404","pl","1999-04-22","1999-04-22","1999","1999"
551,"200","com","1999-09-04","1999-09-04","1999","1999"
554,"404","com","1998-12-02","1998-12-02","1998","1998"
554,"404","com","1998-12-02","1998-12-02","1998","1998"
556,"200","net","2001-08-07","2001-08-07","2001","2001"
557,"404","pl","1997-06-17","1997-06-17","1997","1997"
560,"200","net","2001-08-07","2001-08-07","2001","2001"
561,"404","pl","1997-07-25","1997-07-25","1997","1997"
562,"200","com","1996-12-21","1996-12-21","1996","1996"
564,"200","pl","1999-02-02","1999-02-02","1999","1999"
565,"CurlEr","pl","1997-01-20","1997-01-20","1997","1997"
566,"404","pl","1999-04-28","1999-04-28","1999","1999"
567,"CurlEr","pl","1998-01-14","1998-01-14","1998","1998"
568,"404","pl","1999-04-27","1999-04-27","1999","1999"
569,"200","pl","1997-03-29","1997-03-29","1997","1997"
569,"200","pl","1997-03-29","1997-03-29","1997","1997"
570,"CurlEr","pl","1998-01-14","1998-01-14","1998","1998"
571,"CurlEr","pl","1997-08-02","1997-08-02","1997","1997"
573,"200","pl","1996-12-26","1996-12-26","1996","1996"
573,"200","pl","1996-12-26","1996-12-26","1996","1996"
574,"404","pl","1999-04-21","1999-04-21","1999","1999"
575,"CurlEr","pl","1999-04-23","1999-04-23","1999","1999"
577,"CurlEr","pl","1998-12-05","1998-12-05","1998","1998"
578,"404","pl","1997-02-21","1997-02-21","1997","1997"
579,"404","pl","1997-12-11","1997-12-11","1997","1997"
580,"404","pl","1997-07-25","1997-07-25","1997","1997"
581,"404","pl","1997-08-03","1997-08-03","1997","1997"
581,"404","pl","1997-08-03","1997-08-03","1997","1997"
582,"200","pl","1996-12-29","1996-12-29","1996","1996"
582,"200","pl","1996-12-29","1996-12-29","1996","1996"
583,"404","pl","1997-06-24","1997-06-24","1997","1997"
583,"404","pl","1997-06-24","1997-06-24","1997","1997"
585,"404","pl","1998-12-06","1998-12-06","1998","1998"
585,"404","pl","1998-12-06","1998-12-06","1998","1998"
586,"CurlEr","pl","1998-12-06","1998-12-06","1998","1998"
587,"200","pl","1997-01-19","1997-01-19","1997","1997"
588,"403","pl","1996-12-29","1996-12-29","1996","1996"
589,"404","pl","1997-07-25","1997-07-25","1997","1997"
590,"404","pl","1999-04-28","1999-04-28","1999","1999"
591,"CurlEr","pl","1997-01-02","1997-01-02","1997","1997"
593,"403","pl","2008-10-12","2008-10-12","2008","2008"
594,"CurlEr","pl","1997-01-20","1997-01-20","1997","1997"
595,"404","pl","1999-04-27","1999-04-27","1999","1999"
596,"404","pl","1999-04-27","1999-04-27","1999","1999"
598,"404","edu","1996-12-25","1996-12-25","1996","1996"
599,"CurlEr","com","1997-06-10","1997-06-10","1997","1997"
600,"200","com","1997-01-09","1997-01-09","1997","1997"
601,"403","pl","1999-04-29","1999-04-29","1999","1999"
602,"404","pl","1997-07-16","1997-07-16","1997","1997"
603,"404","au","1997-04-30","1997-04-30","1997","1997"
603,"404","au","1997-04-30","1997-04-30","1997","1997"
604,"404","au","1999-01-17","1999-01-17","1999","1999"
605,"404","org","1997-01-04","1997-01-04","1997","1997"
606,"404","edu","1998-12-06","1998-12-06","1998","1998"
607,"404","com","1997-02-08","1997-02-08","1997","1997"
608,"404","net","1997-04-14","1997-04-14","1997","1997"
610,"CurlEr","au","1998-12-05","1998-12-05","1998","1998"
611,"CurlEr","fi","1998-01-28","1998-01-28","1998","1998"
612,"404","net","1997-04-14","1997-04-14","1997","1997"
613,"200","com","1997-01-09","1997-01-09","1997","1997"
614,"404","pl","1999-01-17","1999-01-17","1999","1999"
615,"404","org","1997-01-11","1997-01-11","1997","1997"
616,"200","tr","1999-04-23","1999-04-23","1999","1999"
617,"404","edu","1996-12-27","1996-12-27","1996","1996"
617,"404","edu","1996-12-27","1996-12-27","1996","1996"
618,"404","pl","1999-04-21","1999-04-21","1999","1999"
619,"CurlEr","pl","1998-12-06","1998-12-06","1998","1998"
620,"404","pl","2000-10-28","2000-10-28","2000","2000"
621,"404","edu","1997-06-07","1997-06-07","1997","1997"
622,"CurlEr","edu","1999-04-29","1999-04-29","1999","1999"
624,"CurlEr","pl","1999-04-29","1999-04-29","1999","1999"
626,"404","pl","1997-01-11","1997-01-11","1997","1997"
627,"CurlEr","pl","1998-12-05","1998-12-05","1998","1998"
628,"CurlEr","pl","1999-04-29","1999-04-29","1999","1999"
629,"CurlEr","pl","1999-04-30","1999-04-30","1999","1999"
631,"404","pl","1997-07-07","1997-07-07","1997","1997"
631,"404","pl","1997-07-07","1997-07-07","1997","1997"
633,"CurlEr","pl","1999-04-24","1999-04-24","1999","1999"
634,"CurlEr","com","1999-04-29","1999-04-29","1999","1999"
635,"404","edu","1999-02-22","1999-02-22","1999","1999"
636,"404","com","1997-07-28","1997-07-28","1997","1997"
637,"CurlEr","ca","1999-01-17","1999-01-17","1999","1999"
639,"CurlEr","ca","1998-02-18","1998-02-18","1998","1998"
640,"404","au","1999-01-17","1999-01-17","1999","1999"
641,"CurlEr","com","1999-01-17","1999-01-17","1999","1999"
643,"404","com","2000-01-07","2000-01-07","2000","2000"
644,"CurlEr","pl","1998-02-07","1998-02-07","1998","1998"
645,"404","edu","1999-01-16","1999-01-16","1999","1999"
646,"404","com","1999-02-24","1999-02-24","1999","1999"
647,"200","com","1997-01-09","1997-01-09","1997","1997"
649,"200","com","1997-01-09","1997-01-09","1997","1997"
650,"CurlEr","edu","1997-03-01","1997-03-01","1997","1997"
651,"CurlEr","edu","1997-03-01","1997-03-01","1997","1997"
653,"404","pl","1998-12-05","1998-12-05","1998","1998"
653,"404","pl","1998-12-05","1998-12-05","1998","1998"
655,"404","pl","1997-07-07","1997-07-07","1997","1997"
655,"404","pl","1997-07-07","1997-07-07","1997","1997"
659,"200","pl","1997-10-26","1997-10-26","1997","1997"
659,"200","pl","1997-10-26","1997-10-26","1997","1997"
660,"CurlEr","net","1998-12-01","1998-12-01","1998","1998"
661,"CurlEr","net","1997-05-13","1997-05-13","1997","1997"
662,"CurlEr","pl","1996-11-01","1996-12-28","1996","1996"
663,"200","pl","1998-12-12","1998-12-12","1998","1998"
663,"200","pl","1998-12-12","1998-12-12","1998","1998"
664,"200","pl","1996-10-13","1997-03-02","1996","1997"
665,"200","pl","1996-12-19","1996-12-19","1996","1996"
665,"200","pl","1996-12-19","1996-12-19","1996","1996"
666,"200","pl","1997-06-28","1997-06-28","1997","1997"
666,"200","pl","1997-06-28","1997-06-28","1997","1997"
667,"200","pl","1996-12-27","1996-12-27","1996","1996"
667,"200","pl","1996-12-27","1996-12-27","1996","1996"
668,"CurlEr","pl","2004-11-18","2004-11-18","2004","2004"
669,"CurlEr","pl","1997-01-01","1997-01-01","1997","1997"
670,"CurlEr","pl","1997-06-26","1997-06-26","1997","1997"
671,"200","pl","1998-12-12","1998-12-12","1998","1998"
671,"200","pl","1998-12-12","1998-12-12","1998","1998"
673,"200","pl","1997-02-19","1997-02-19","1997","1997"
674,"200","pl","1997-01-03","1997-01-03","1997","1997"
674,"200","pl","1997-01-03","1997-01-03","1997","1997"
675,"404","pl","1996-10-13","1996-10-13","1996","1996"
676,"200","pl","1996-11-22","1996-12-29","1996","1996"
677,"200","pl","1997-10-22","1997-10-22","1997","1997"
677,"200","pl","1997-10-22","1997-10-22","1997","1997"
678,"200","pl","1996-12-31","1996-12-31","1996","1996"
678,"200","pl","1996-12-31","1996-12-31","1996","1996"
678,"200","pl","1996-12-31","1996-12-31","1996","1996"
679,"200","pl","1996-12-03","1997-01-10","1996","1997"
680,"200","pl","1997-01-25","1997-01-25","1997","1997"
680,"200","pl","1997-01-25","1997-01-25","1997","1997"
681,"CurlEr","pl","1997-06-26","1997-06-26","1997","1997"
681,"CurlEr","pl","1997-06-26","1997-06-26","1997","1997"
682,"200","pl","2006-07-01","2006-07-01","2006","2006"
683,"CurlEr",NA,"1998-12-11","1998-12-11","1998","1998"
684,"CurlEr","net","2000-04-21","2000-04-21","2000","2000"
685,"200","pl","1997-04-10","1997-04-10","1997","1997"
686,"CurlEr","pl","1996-12-28","1996-12-28","1996","1996"
688,"200","pl","1997-06-24","1997-06-24","1997","1997"
689,"200","pl","1997-07-13","1997-07-13","1997","1997"
689,"200","pl","1997-07-13","1997-07-13","1997","1997"
690,"CurlEr","pl","1997-06-24","1997-06-24","1997","1997"
690,"CurlEr","pl","1997-06-24","1997-06-24","1997","1997"
692,"CurlEr","com","1996-10-22","1996-12-30","1996","1996"
694,"404","pl","1999-04-28","1999-04-28","1999","1999"
695,"404","ca","1998-12-07","1998-12-07","1998","1998"
695,"404","ca","1998-12-07","1998-12-07","1998","1998"
696,"200","edu","1998-12-05","1998-12-05","1998","1998"
696,"200","edu","1998-12-05","1998-12-05","1998","1998"
696,"200","edu","1998-12-05","1998-12-05","1998","1998"
697,"CurlEr","edu","1999-04-28","1999-04-28","1999","1999"
698,"404","edu","1997-01-02","1997-01-02","1997","1997"
699,"404","edu","1997-06-14","1997-06-14","1997","1997"
700,"CurlEr","edu","1999-04-27","1999-04-27","1999","1999"
701,"404","edu","1997-01-29","1997-01-29","1997","1997"
702,"404","edu","1996-12-22","1996-12-22","1996","1996"
702,"404","edu","1996-12-22","1996-12-22","1996","1996"
703,"CurlEr","edu","1998-12-03","1998-12-03","1998","1998"
704,"404","de","2001-04-29","2001-04-29","2001","2001"
705,"404","edu","1999-01-16","1999-01-16","1999","1999"
705,"404","edu","1999-01-16","1999-01-16","1999","1999"
706,"CurlEr","edu","1999-02-03","1999-02-03","1999","1999"
707,"404","edu","1999-01-17","1999-01-17","1999","1999"
707,"404","edu","1999-01-17","1999-01-17","1999","1999"
708,"CurlEr","pl","1996-12-07","1996-12-22","1996","1996"
709,"200","net","1999-04-29","1999-04-29","1999","1999"
710,"CurlEr","pl","1999-10-04","1999-10-04","1999","1999"
711,"200","pl","1997-06-19","1997-06-19","1997","1997"
712,"200","pl","1997-10-25","1997-10-25","1997","1997"
712,"200","pl","1997-10-25","1997-10-25","1997","1997"
713,"CurlEr","pl","1998-01-09","1998-01-09","1998","1998"
714,"200","pl","1997-07-03","1997-07-03","1997","1997"
714,"200","pl","1997-07-03","1997-07-03","1997","1997"
715,"200","pl","1997-10-15","1997-10-15","1997","1997"
715,"200","pl","1997-10-15","1997-10-15","1997","1997"
716,"200","pl","1997-02-10","1997-02-10","1997","1997"
716,"200","pl","1997-02-10","1997-02-10","1997","1997"
717,"CurlEr","pl","1996-10-18","1996-12-22","1996","1996"
718,"200","pl","1996-11-07","1997-01-01","1996","1997"
718,"200","pl","1996-11-07","1997-01-01","1996","1997"
720,"CurlEr","pl","2000-01-28","2000-01-28","2000","2000"
721,"CurlEr","org","1999-01-17","1999-01-17","1999","1999"
723,"200","edu","1998-12-05","1998-12-05","1998","1998"
724,"200","org","1996-11-25","1996-12-21","1996","1996"
725,"404","be","1997-06-24","1997-06-24","1997","1997"
726,"404","pl","1997-03-13","1997-03-13","1997","1997"
729,"CurlEr",NA,"1998-12-02","1998-12-02","1998","1998"
732,"404","edu","1997-06-07","1997-06-07","1997","1997"
733,"CurlEr","pl","1997-06-25","1997-06-25","1997","1997"
735,"CurlEr","fr","1996-10-13","1996-10-13","1996","1996"
736,"CurlEr","pl","1997-02-22","1997-02-22","1997","1997"
737,"CurlEr","pl","1996-12-21","1996-12-21","1996","1996"
739,"404","pl","1997-03-11","1997-03-11","1997","1997"
739,"404","pl","1997-03-11","1997-03-11","1997","1997"
740,"404","pl","1997-03-11","1997-03-11","1997","1997"
741,"404","pl","1997-04-09","1997-04-09","1997","1997"
744,"404","pl","1998-12-05","1998-12-05","1998","1998"
744,"404","pl","1998-12-05","1998-12-05","1998","1998"
745,"404","pl","1997-10-09","1997-10-09","1997","1997"
746,"404","pl","1998-12-06","1998-12-06","1998","1998"
747,"404","pl","1998-01-18","1998-01-18","1998","1998"
748,"200","pl","1997-08-08","1997-08-08","1997","1997"
748,"200","pl","1997-08-08","1997-08-08","1997","1997"
750,"200","pl","1997-10-27","1997-10-27","1997","1997"
750,"200","pl","1997-10-27","1997-10-27","1997","1997"
751,"CurlEr","se","1999-04-28","1999-04-28","1999","1999"
752,"CurlEr","pl","1997-07-13","1997-07-13","1997","1997"
753,"403","com","1998-12-03","1998-12-03","1998","1998"
753,"403","com","1998-12-03","1998-12-03","1998","1998"
754,"404","pl","1997-05-03","1997-05-03","1997","1997"
755,"CurlEr","uk","1998-12-02","1998-12-02","1998","1998"
757,"200","pl","1997-10-09","1997-10-09","1997","1997"
758,"CurlEr","ca","1997-12-10","1997-12-10","1997","1997"
760,"CurlEr","pl","1996-12-27","1996-12-27","1996","1996"
761,"406","com","1996-12-21","1996-12-21","1996","1996"
762,"CurlEr","pl","1996-11-09","1996-11-09","1996","1996"
764,"CurlEr","pl","1999-04-18","1999-04-18","1999","1999"
765,"200","pl","1997-10-09","1997-10-09","1997","1997"
766,"CurlEr","com","1996-12-22","1996-12-22","1996","1996"
767,"404","pl","1997-05-03","1997-05-03","1997","1997"
770,"404","com","1999-04-27","1999-04-27","1999","1999"
771,"CurlEr","org","1997-02-26","1997-02-26","1997","1997"
772,"200","pl","1997-08-08","1997-08-08","1997","1997"
772,"200","pl","1997-08-08","1997-08-08","1997","1997"
774,"404","net","1998-12-06","1998-12-06","1998","1998"
774,"404","net","1998-12-06","1998-12-06","1998","1998"
775,"200","pl","1996-12-22","1996-12-22","1996","1996"
775,"200","pl","1996-12-22","1996-12-22","1996","1996"
778,"200","pl","1996-12-28","1996-12-28","1996","1996"
779,"404","net","1999-04-29","1999-04-29","1999","1999"
784,"200","pl","2000-01-26","2000-01-26","2000","2000"
785,"CurlEr","pl","1997-07-26","1997-07-26","1997","1997"
786,"200","com","1996-10-29","1996-12-26","1996","1996"
787,"CurlEr","pl","1996-11-09","1996-11-09","1996","1996"
788,"404","pl","1998-12-02","1998-12-02","1998","1998"
789,"CurlEr","pl","1997-03-27","1997-03-27","1997","1997"
790,"404","pl","1998-12-02","1998-12-02","1998","1998"
791,"200","pl","1999-04-24","1999-04-24","1999","1999"
792,"404","pl","1999-01-16","1999-01-16","1999","1999"
793,"404","pl","1997-06-26","1997-06-26","1997","1997"
796,"405","com","1996-11-22","1996-12-27","1996","1996"
798,"404","pl","1997-07-25","1997-07-25","1997","1997"
800,"404","com","1996-11-06","1996-11-06","1996","1996"
800,"404","com","1996-11-06","1996-11-06","1996","1996"
801,"404","pl","1997-03-11","1997-03-11","1997","1997"
801,"404","pl","1997-03-11","1997-03-11","1997","1997"
802,"404","pl","1997-03-11","1997-03-11","1997","1997"
802,"404","pl","1997-03-11","1997-03-11","1997","1997"
803,"200","com","1996-12-29","1996-12-29","1996","1996"
804,"404","com","1999-04-29","1999-04-29","1999","1999"
805,"404","com","1997-03-10","1997-03-10","1997","1997"
805,"404","com","1997-03-10","1997-03-10","1997","1997"
806,"403","com","1999-04-27","1999-04-27","1999","1999"
807,"404","pl","1998-12-02","1998-12-02","1998","1998"
807,"404","pl","1998-12-02","1998-12-02","1998","1998"
809,"200","pl","1998-05-24","1998-05-24","1998","1998"
809,"200","pl","1998-05-24","1998-05-24","1998","1998"
810,"200","pl","1998-12-06","1998-12-06","1998","1998"
812,"200","pl","1998-12-05","1998-12-05","1998","1998"
813,"CurlEr","pl","1998-02-06","1998-02-06","1998","1998"
814,"404","pl","1997-08-04","1997-08-04","1997","1997"
815,"CurlEr","pl","1997-02-18","1997-02-18","1997","1997"
816,"CurlEr","pl","1997-04-15","1997-04-15","1997","1997"
817,"CurlEr","pl","1997-08-21","1997-08-21","1997","1997"
818,"200","com","1996-11-02","1996-12-27","1996","1996"
818,"200","com","1996-11-02","1996-12-27","1996","1996"
820,"404","pl","1997-06-24","1997-06-24","1997","1997"
821,"404","pl","1999-04-18","1999-04-18","1999","1999"
822,"CurlEr","pl","1998-12-02","1998-12-02","1998","1998"
823,"CurlEr","pl","1997-07-01","1997-07-01","1997","1997"
824,"200","pl","1996-12-18","1996-12-18","1996","1996"
825,"CurlEr","pl","1999-04-27","1999-04-27","1999","1999"
826,"403","net","1997-01-08","1997-01-08","1997","1997"
827,"CurlEr","pl","1999-04-28","1999-04-28","1999","1999"
828,"200","pl","1998-12-06","1998-12-06","1998","1998"
831,"CurlEr","pl","1998-12-05","1998-12-05","1998","1998"
832,"CurlEr","pl","1999-04-28","1999-04-28","1999","1999"
833,"404","pl","1997-08-04","1997-08-04","1997","1997"
834,"200","pl","1996-11-21","1996-12-18","1996","1996"
835,"CurlEr","pl","1997-06-07","1997-06-07","1997","1997"
836,"404","pl","1997-03-11","1997-03-11","1997","1997"
836,"404","pl","1997-03-11","1997-03-11","1997","1997"
837,"404","pl","1999-04-28","1999-04-28","1999","1999"
838,"200","pl","1999-02-08","1999-02-08","1999","1999"
841,"CurlEr","pl","1998-12-02","1998-12-02","1998","1998"
842,"200","com","1996-12-29","1996-12-29","1996","1996"
842,"200","com","1996-12-29","1996-12-29","1996","1996"
843,"CurlEr","pl","1997-05-16","1997-05-16","1997","1997"
846,"404","uk","1997-01-31","1997-01-31","1997","1997"
846,"404","uk","1997-01-31","1997-01-31","1997","1997"
847,"CurlEr","com","1997-02-05","1997-02-05","1997","1997"
848,"CurlEr","pl","1998-01-23","1998-01-23","1998","1998"
849,"CurlEr","pl","1999-01-17","1999-01-17","1999","1999"
851,"403","pl","1998-12-06","1998-12-06","1998","1998"
851,"403","pl","1998-12-06","1998-12-06","1998","1998"
853,"CurlEr","pl","1999-04-28","1999-04-28","1999","1999"
855,"200","com","1996-11-02","1996-12-27","1996","1996"
855,"200","com","1996-11-02","1996-12-27","1996","1996"
856,"404","pl","1997-06-24","1997-06-24","1997","1997"
857,"404","pl","1999-04-28","1999-04-28","1999","1999"
858,"CurlEr","pl","1998-12-02","1998-12-02","1998","1998"
859,"200","com","1996-12-29","1996-12-29","1996","1996"
859,"200","com","1996-12-29","1996-12-29","1996","1996"
860,"200","pl","1998-12-02","1998-12-02","1998","1998"
860,"200","pl","1998-12-02","1998-12-02","1998","1998"
861,"CurlEr","pl","1998-12-05","1998-12-05","1998","1998"
862,"200","pl","1998-12-12","1998-12-12","1998","1998"
862,"200","pl","1998-12-12","1998-12-12","1998","1998"
863,"404","pl","1997-05-03","1997-05-03","1997","1997"
864,"200","net","2002-05-09","2002-05-09","2002","2002"
865,"200","net","1996-12-19","1996-12-19","1996","1996"
865,"200","net","1996-12-19","1996-12-19","1996","1996"
866,"404","net","1996-12-27","1996-12-30","1996","1996"
869,"403","com","1996-12-02","1996-12-27","1996","1996"
870,"CurlEr","pl","1997-06-29","1997-06-29","1997","1997"
871,"CurlEr","pl","1998-01-13","1998-01-13","1998","1998"
873,"CurlEr","pl","2004-08-07","2004-08-07","2004","2004"
875,"CurlEr","pl","1997-02-23","1997-02-23","1997","1997"
876,"CurlEr","pl","1996-12-28","1996-12-28","1996","1996"
877,"200","pl","1997-04-02","1997-04-02","1997","1997"
877,"200","pl","1997-04-02","1997-04-02","1997","1997"
878,"CurlEr","pl","1997-05-15","1997-05-15","1997","1997"
880,"200","pl","1998-01-10","1998-01-10","1998","1998"
880,"200","pl","1998-01-10","1998-01-10","1998","1998"
881,"CurlEr","pl","1997-04-13","1997-04-13","1997","1997"
882,"200","pl","1997-07-08","1997-07-08","1997","1997"
883,"CurlEr","pl","1998-02-15","1998-02-15","1998","1998"
884,"200","pl","2004-09-23","2004-09-23","2004","2004"
885,"200","pl","2015-10-02","2015-10-02","2015","2015"
886,"200","pl","1998-12-01","1998-12-01","1998","1998"
887,"CurlEr","pl","1997-02-28","1997-02-28","1997","1997"
888,"200","pl","1997-06-08","1997-06-08","1997","1997"
888,"200","pl","1997-06-08","1997-06-08","1997","1997"
889,"200","pl","1997-01-23","1997-01-23","1997","1997"
889,"200","pl","1997-01-23","1997-01-23","1997","1997"
890,"CurlEr","pl","1997-03-27","1997-03-27","1997","1997"
891,"200","pl","1999-02-08","1999-02-08","1999","1999"
891,"200","pl","1999-02-08","1999-02-08","1999","1999"
892,"200","pl","1997-01-10","1997-01-10","1997","1997"
894,"200","pl","1998-11-11","1998-11-11","1998","1998"
895,"200","pl","1996-12-26","1996-12-26","1996","1996"
895,"200","pl","1996-12-26","1996-12-26","1996","1996"
896,"404","net","1996-11-04","1997-02-03","1996","1997"
897,"CurlEr","pl","1999-04-28","1999-04-28","1999","1999"
900,"200","net","1998-12-05","1998-12-05","1998","1998"
900,"200","net","1998-12-05","1998-12-05","1998","1998"
901,"CurlEr","net","1996-12-19","1996-12-19","1996","1996"
902,"200","com","1997-01-09","1997-01-09","1997","1997"
903,"200","pl","1997-05-05","1997-05-05","1997","1997"
903,"200","pl","1997-05-05","1997-05-05","1997","1997"
904,"404","pl","1997-07-25","1997-07-25","1997","1997"
905,"404","net","1997-02-11","1997-02-11","1997","1997"
906,"404","pl","1997-07-25","1997-07-25","1997","1997"
908,"200","pl","1999-01-17","1999-01-17","1999","1999"
909,"CurlEr","pl","1997-02-20","1997-02-20","1997","1997"
910,"200","net","2001-07-12","2001-07-12","2001","2001"
912,"CurlEr","net","1999-04-28","1999-04-28","1999","1999"
913,"200","com","2002-04-19","2002-04-19","2002","2002"
914,"200","pl","1997-07-07","1997-07-07","1997","1997"
915,"CurlEr","pl","1996-11-02","1996-12-27","1996","1996"
916,"404","pl","1999-04-21","1999-04-21","1999","1999"
917,"404","com","1999-09-04","1999-09-04","1999","1999"
918,"200","net","2001-07-12","2001-07-12","2001","2001"
919,"404","net","1997-02-11","1997-02-11","1997","1997"
921,"200","net","2001-07-12","2001-07-12","2001","2001"
923,"404","net","1998-12-06","1998-12-06","1998","1998"
923,"404","net","1998-12-06","1998-12-06","1998","1998"
924,"200","com","1999-04-20","1999-04-20","1999","1999"
925,"404","pl","1997-08-04","1997-08-04","1997","1997"
926,"200","pl","2000-05-19","2000-05-19","2000","2000"
927,"CurlEr","pl","1996-12-23","1996-12-23","1996","1996"
928,"404","pl","1999-04-18","1999-04-18","1999","1999"
929,"200","pl","1997-02-01","1997-02-01","1997","1997"
929,"200","pl","1997-02-01","1997-02-01","1997","1997"
931,"CurlEr","pl","1998-12-12","1998-12-12","1998","1998"
932,"CurlEr","net","1998-12-06","1998-12-06","1998","1998"
933,"404","pl","1998-12-03","1998-12-03","1998","1998"
934,"200","pl","1997-08-08","1997-08-08","1997","1997"
934,"200","pl","1997-08-08","1997-08-08","1997","1997"
935,"200","pl","2000-01-22","2000-01-22","2000","2000"
936,"404","com","1999-01-17","1999-01-17","1999","1999"
938,"CurlEr","pl","1998-12-05","1998-12-05","1998","1998"
939,"CurlEr","pl","1998-12-05","1998-12-05","1998","1998"
940,"CurlEr","com","2002-01-21","2002-01-21","2002","2002"
941,"CurlEr","pl","2005-02-02","2005-02-02","2005","2005"
942,"200","pl","1998-06-26","1998-06-26","1998","1998"
942,"200","pl","1998-06-26","1998-06-26","1998","1998"
943,"CurlEr","net","1998-12-05","1998-12-05","1998","1998"
944,"404","net","1996-12-13","1996-12-13","1996","1996"
945,"CurlEr","pl","1997-02-22","1997-02-22","1997","1997"
946,"CurlEr","pl","1999-04-27","1999-04-27","1999","1999"
947,"200","org","1996-11-14","1996-11-28","1996","1996"
947,"200","org","1996-11-14","1996-11-28","1996","1996"
949,"404","pl","1997-08-03","1997-08-03","1997","1997"
949,"404","pl","1997-08-03","1997-08-03","1997","1997"
950,"CurlEr","pl","1998-12-05","1998-12-05","1998","1998"
951,"CurlEr","edu","1999-04-27","1999-04-27","1999","1999"
